{
  "protocol_version" : "0.0.4",
  "configuration" : {
    "version" : "(6.4.0.208) (2019-06/07c23f2ca43)",
    "tlc" : "normal",
    "sigsgev" : "altstack",
    "notifications" : "kqueue",
    "architecture" : "amd64",
    "disabled_features" : "none",
    "smallconfig" : "disabled",
    "bigarrays" : "disabled",
    "softdebug" : "enabled",
    "interpreter" : "enabled",
    "llvm_support" : "0",
    "suspend" : "preemptive"
  },
  "memory" : {
    "Resident Size" : "82391040",
    "Virtual Size" : "2654629888",
    "minor_gc_time" : "41646",
    "major_gc_time" : "20921",
    "minor_gc_count" : "1",
    "major_gc_count" : "1",
    "major_gc_time_concurrent" : "0"
 },
  "threads" : [
 {
    "is_managed" : true,
    "offset_free_hash" : "0x641ab9828",
    "offset_rich_hash" : "0x641ab993f",
    "crashed" : false,
    "native_thread_id" : "0x70000b979000",
    "thread_info_addr" : "0x7fae0a89ae00",
    "thread_name" : "tid_250b",
    "ctx" : {
      "IP" : "0x7fffafeeabf2",
      "SP" : "0x70000b9784d8",
      "BP" : "0x70000b978570"
  },
    "managed_frames" : [
  {
      "native_address" : "unregistered"
   }
,
  {
      "is_managed" : "true",
      "guid" : "BA70B917-36BD-40CB-990A-357097DBA9C3",
      "token" : "0x00000",
      "native_offset" : "0x0",
      "filename" : "mscorlib.dll",
      "sizeofimage" : "0x470000",
      "timestamp" : "0x8c371253",
      "il_offset" : "0xffffffff"
   }
,
  {
      "is_managed" : "true",
      "guid" : "BA70B917-36BD-40CB-990A-357097DBA9C3",
      "token" : "0x6001f3d",
      "native_offset" : "0x0",
      "filename" : "mscorlib.dll",
      "sizeofimage" : "0x470000",
      "timestamp" : "0x8c371253",
      "il_offset" : "0x00019"
   }
,
  {
      "is_managed" : "true",
      "guid" : "BBD0A9D3-A0D3-4909-9BE0-0550C37EBFB4",
      "token" : "0x600001a",
      "native_offset" : "0x0",
      "filename" : "Mono.WebServer2.dll",
      "sizeofimage" : "0x1e000",
      "timestamp" : "0x0",
      "il_offset" : "0x00048"
   }
,
  {
      "is_managed" : "true",
      "guid" : "BA70B917-36BD-40CB-990A-357097DBA9C3",
      "token" : "0x6001f16",
      "native_offset" : "0x0",
      "filename" : "mscorlib.dll",
      "sizeofimage" : "0x470000",
      "timestamp" : "0x8c371253",
      "il_offset" : "0x00014"
   }
,
  {
      "is_managed" : "true",
      "guid" : "BA70B917-36BD-40CB-990A-357097DBA9C3",
      "token" : "0x6001ebe",
      "native_offset" : "0x0",
      "filename" : "mscorlib.dll",
      "sizeofimage" : "0x470000",
      "timestamp" : "0x8c371253",
      "il_offset" : "0x00071"
   }
,
  {
      "is_managed" : "true",
      "guid" : "BA70B917-36BD-40CB-990A-357097DBA9C3",
      "token" : "0x6001ebc",
      "native_offset" : "0x0",
      "filename" : "mscorlib.dll",
      "sizeofimage" : "0x470000",
      "timestamp" : "0x8c371253",
      "il_offset" : "0x00000"
   }
,
  {
      "is_managed" : "true",
      "guid" : "BA70B917-36BD-40CB-990A-357097DBA9C3",
      "token" : "0x6001ebb",
      "native_offset" : "0x0",
      "filename" : "mscorlib.dll",
      "sizeofimage" : "0x470000",
      "timestamp" : "0x8c371253",
      "il_offset" : "0x0002b"
   }
,
  {
      "is_managed" : "true",
      "guid" : "BA70B917-36BD-40CB-990A-357097DBA9C3",
      "token" : "0x6001f18",
      "native_offset" : "0x0",
      "filename" : "mscorlib.dll",
      "sizeofimage" : "0x470000",
      "timestamp" : "0x8c371253",
      "il_offset" : "0x00008"
   }
,
  {
      "is_managed" : "true",
      "guid" : "BA70B917-36BD-40CB-990A-357097DBA9C3",
      "token" : "0x00000",
      "native_offset" : "0x0",
      "filename" : "mscorlib.dll",
      "sizeofimage" : "0x470000",
      "timestamp" : "0x8c371253",
      "il_offset" : "0xffffffff"
   }

  ],
  "unmanaged_frames" : [
 {
    "native_address" : "unregistered"
  }
,
 {
    "native_address" : "unregistered"
  }
,
 {
    "native_address" : "unregistered"
  }
,
 {
    "native_address" : "unregistered"
  }
,
 {
    "native_address" : "unregistered"
  }
,
 {
    "native_address" : "unregistered"
  }
,
 {
    "native_address" : "unregistered"
  }
,
 {
    "native_address" : "unregistered"
  }
,
 {
    "native_address" : "unregistered"
  }
,
 {
    "native_address" : "unregistered"
  }
,
 {
    "native_address" : "unregistered"
  }
,
 {
    "native_address" : "unregistered"
  }
,
 {
    "native_address" : "unregistered"
  }
,
 {
    "native_address" : "unregistered"
  }
,
 {
    "native_address" : "unregistered"
  }
,
 {
    "native_address" : "unregistered"
  }
,
 {
    "native_address" : "unregistered"
  }
,
 {
    "native_address" : "unregistered"
  }
,
 {
    "native_address" : "unregistered"
  }
,
 {
    "native_address" : "unregistered"
  }
,
 {
    "native_address" : "unregistered"
  }

 ]
},
{
  "is_managed" : true,
  "offset_free_hash" : "0x912393589",
  "offset_rich_hash" : "0x9123936ec",
  "crashed" : false,
  "native_thread_id" : "0x70000cb94000",
  "thread_info_addr" : "0x7fae09313a00",
  "thread_name" : "Timer-Scheduler",
  "ctx" : {
    "IP" : "0x7fffafeeabf2",
    "SP" : "0x70000cb93308",
    "BP" : "0x70000cb933a0"
 },
  "managed_frames" : [
 {
    "native_address" : "unregistered"
  }
,
 {
    "is_managed" : "true",
    "guid" : "BA70B917-36BD-40CB-990A-357097DBA9C3",
    "token" : "0x00000",
    "native_offset" : "0x0",
    "filename" : "mscorlib.dll",
    "sizeofimage" : "0x470000",
    "timestamp" : "0x8c371253",
    "il_offset" : "0xffffffff"
  }
,
 {
    "is_managed" : "true",
    "guid" : "BA70B917-36BD-40CB-990A-357097DBA9C3",
    "token" : "0x600204a",
    "native_offset" : "0x0",
    "filename" : "mscorlib.dll",
    "sizeofimage" : "0x470000",
    "timestamp" : "0x8c371253",
    "il_offset" : "0x00044"
  }
,
 {
    "is_managed" : "true",
    "guid" : "BA70B917-36BD-40CB-990A-357097DBA9C3",
    "token" : "0x6002036",
    "native_offset" : "0x0",
    "filename" : "mscorlib.dll",
    "sizeofimage" : "0x470000",
    "timestamp" : "0x8c371253",
    "il_offset" : "0x00014"
  }
,
 {
    "is_managed" : "true",
    "guid" : "BA70B917-36BD-40CB-990A-357097DBA9C3",
    "token" : "0x6002035",
    "native_offset" : "0x0",
    "filename" : "mscorlib.dll",
    "sizeofimage" : "0x470000",
    "timestamp" : "0x8c371253",
    "il_offset" : "0x00000"
  }
,
 {
    "is_managed" : "true",
    "guid" : "BA70B917-36BD-40CB-990A-357097DBA9C3",
    "token" : "0x6002030",
    "native_offset" : "0x0",
    "filename" : "mscorlib.dll",
    "sizeofimage" : "0x470000",
    "timestamp" : "0x8c371253",
    "il_offset" : "0x00019"
  }
,
 {
    "is_managed" : "true",
    "guid" : "BA70B917-36BD-40CB-990A-357097DBA9C3",
    "token" : "0x6002033",
    "native_offset" : "0x0",
    "filename" : "mscorlib.dll",
    "sizeofimage" : "0x470000",
    "timestamp" : "0x8c371253",
    "il_offset" : "0x00000"
  }
,
 {
    "is_managed" : "true",
    "guid" : "BA70B917-36BD-40CB-990A-357097DBA9C3",
    "token" : "0x60020ed",
    "native_offset" : "0x0",
    "filename" : "mscorlib.dll",
    "sizeofimage" : "0x470000",
    "timestamp" : "0x8c371253",
    "il_offset" : "0x0003c"
  }
,
 {
    "is_managed" : "true",
    "guid" : "BA70B917-36BD-40CB-990A-357097DBA9C3",
    "token" : "0x6001f16",
    "native_offset" : "0x0",
    "filename" : "mscorlib.dll",
    "sizeofimage" : "0x470000",
    "timestamp" : "0x8c371253",
    "il_offset" : "0x00014"
  }
,
 {
    "is_managed" : "true",
    "guid" : "BA70B917-36BD-40CB-990A-357097DBA9C3",
    "token" : "0x6001ebe",
    "native_offset" : "0x0",
    "filename" : "mscorlib.dll",
    "sizeofimage" : "0x470000",
    "timestamp" : "0x8c371253",
    "il_offset" : "0x00071"
  }
,
 {
    "is_managed" : "true",
    "guid" : "BA70B917-36BD-40CB-990A-357097DBA9C3",
    "token" : "0x6001ebc",
    "native_offset" : "0x0",
    "filename" : "mscorlib.dll",
    "sizeofimage" : "0x470000",
    "timestamp" : "0x8c371253",
    "il_offset" : "0x00000"
  }
,
 {
    "is_managed" : "true",
    "guid" : "BA70B917-36BD-40CB-990A-357097DBA9C3",
    "token" : "0x6001ebb",
    "native_offset" : "0x0",
    "filename" : "mscorlib.dll",
    "sizeofimage" : "0x470000",
    "timestamp" : "0x8c371253",
    "il_offset" : "0x0002b"
  }
,
 {
    "is_managed" : "true",
    "guid" : "BA70B917-36BD-40CB-990A-357097DBA9C3",
    "token" : "0x6001f18",
    "native_offset" : "0x0",
    "filename" : "mscorlib.dll",
    "sizeofimage" : "0x470000",
    "timestamp" : "0x8c371253",
    "il_offset" : "0x00008"
  }
,
 {
    "is_managed" : "true",
    "guid" : "BA70B917-36BD-40CB-990A-357097DBA9C3",
    "token" : "0x00000",
    "native_offset" : "0x0",
    "filename" : "mscorlib.dll",
    "sizeofimage" : "0x470000",
    "timestamp" : "0x8c371253",
    "il_offset" : "0xffffffff"
  }

 ],
"unmanaged_frames" : [
{
  "native_address" : "unregistered"
 }
,
{
  "native_address" : "unregistered"
 }
,
{
  "native_address" : "unregistered"
 }
,
{
  "native_address" : "unregistered"
 }
,
{
  "native_address" : "unregistered"
 }
,
{
  "native_address" : "unregistered"
 }
,
{
  "native_address" : "unregistered"
 }
,
{
  "native_address" : "unregistered"
 }
,
{
  "native_address" : "unregistered"
 }
,
{
  "native_address" : "unregistered"
 }
,
{
  "native_address" : "unregistered"
 }
,
{
  "native_address" : "unregistered"
 }
,
{
  "native_address" : "unregistered"
 }
,
{
  "native_address" : "unregistered"
 }
,
{
  "native_address" : "unregistered"
 }
,
{
  "native_address" : "unregistered"
 }
,
{
  "native_address" : "unregistered"
 }
,
{
  "native_address" : "unregistered"
 }
,
{
  "native_address" : "unregistered"
 }
,
{
  "native_address" : "unregistered"
 }
,
{
  "native_address" : "unregistered"
 }
,
{
  "native_address" : "unregistered"
 }
,
{
  "native_address" : "unregistered"
 }

]
},
{
"is_managed" : true,
"offset_free_hash" : "0x55e587649",
"offset_rich_hash" : "0x55e587751",
"crashed" : false,
"native_thread_id" : "0x70000c58b000",
"thread_info_addr" : "0x7fae09274a00",
"thread_name" : "tid_4203",
"ctx" : {
  "IP" : "0x7fffafeeabf2",
  "SP" : "0x70000c58a388",
  "BP" : "0x70000c58a420"
},
"managed_frames" : [
{
  "native_address" : "unregistered"
 }
,
{
  "is_managed" : "true",
  "guid" : "BC69AD86-3274-4CFB-A18F-9705E53C6302",
  "token" : "0x00000",
  "native_offset" : "0x0",
  "filename" : "System.dll",
  "sizeofimage" : "0x292000",
  "timestamp" : "0xd3eae94d",
  "il_offset" : "0xffffffff"
 }
,
{
  "is_managed" : "true",
  "guid" : "BC69AD86-3274-4CFB-A18F-9705E53C6302",
  "token" : "0x60044eb",
  "native_offset" : "0x0",
  "filename" : "System.dll",
  "sizeofimage" : "0x292000",
  "timestamp" : "0xd3eae94d",
  "il_offset" : "0x0003a"
 }
,
{
  "is_managed" : "true",
  "guid" : "BA70B917-36BD-40CB-990A-357097DBA9C3",
  "token" : "0x6001f16",
  "native_offset" : "0x0",
  "filename" : "mscorlib.dll",
  "sizeofimage" : "0x470000",
  "timestamp" : "0x8c371253",
  "il_offset" : "0x00025"
 }
,
{
  "is_managed" : "true",
  "guid" : "BA70B917-36BD-40CB-990A-357097DBA9C3",
  "token" : "0x6001ebe",
  "native_offset" : "0x0",
  "filename" : "mscorlib.dll",
  "sizeofimage" : "0x470000",
  "timestamp" : "0x8c371253",
  "il_offset" : "0x00071"
 }
,
{
  "is_managed" : "true",
  "guid" : "BA70B917-36BD-40CB-990A-357097DBA9C3",
  "token" : "0x6001ebc",
  "native_offset" : "0x0",
  "filename" : "mscorlib.dll",
  "sizeofimage" : "0x470000",
  "timestamp" : "0x8c371253",
  "il_offset" : "0x00000"
 }
,
{
  "is_managed" : "true",
  "guid" : "BA70B917-36BD-40CB-990A-357097DBA9C3",
  "token" : "0x6001ebb",
  "native_offset" : "0x0",
  "filename" : "mscorlib.dll",
  "sizeofimage" : "0x470000",
  "timestamp" : "0x8c371253",
  "il_offset" : "0x0002b"
 }
,
{
  "is_managed" : "true",
  "guid" : "BA70B917-36BD-40CB-990A-357097DBA9C3",
  "token" : "0x6001f17",
  "native_offset" : "0x0",
  "filename" : "mscorlib.dll",
  "sizeofimage" : "0x470000",
  "timestamp" : "0x8c371253",
  "il_offset" : "0x0000f"
 }
,
{
  "is_managed" : "true",
  "guid" : "BA70B917-36BD-40CB-990A-357097DBA9C3",
  "token" : "0x00000",
  "native_offset" : "0x0",
  "filename" : "mscorlib.dll",
  "sizeofimage" : "0x470000",
  "timestamp" : "0x8c371253",
  "il_offset" : "0xffffffff"
 }

],
"unmanaged_frames" : [
{
"native_address" : "unregistered"
}
,
{
"native_address" : "unregistered"
}
,
{
"native_address" : "unregistered"
}
,
{
"native_address" : "unregistered"
}
,
{
"native_address" : "unregistered"
}
,
{
"native_address" : "unregistered"
}
,
{
"native_address" : "unregistered"
}
,
{
"native_address" : "unregistered"
}
,
{
"native_address" : "unregistered"
}
,
{
"native_address" : "unregistered"
}
,
{
"native_address" : "unregistered"
}
,
{
"native_address" : "unregistered"
}
,
{
"native_address" : "unregistered"
}
,
{
"native_address" : "unregistered"
}

]
},
{
"is_managed" : false,
"offset_free_hash" : "0x0",
"offset_rich_hash" : "0x0",
"crashed" : false,
"native_thread_id" : "0x7fffb8cd03c0",
"thread_info_addr" : "0x7fae0900a600",
"thread_name" : "tid_307",
"ctx" : {
"IP" : "0x7fffafeeabf2",
"SP" : "0x7fff54f34e58",
"BP" : "0x7fff54f34ef0"
},
"unmanaged_frames" : [
{
"native_address" : "unregistered"
}
,
{
"native_address" : "unregistered"
}
,
{
"native_address" : "unregistered"
}
,
{
"native_address" : "unregistered"
}
,
{
"native_address" : "unregistered"
}
,
{
"native_address" : "unregistered"
}
,
{
"native_address" : "unregistered"
}
,
{
"native_address" : "unregistered"
}
,
{
"native_address" : "unregistered"
}
,
{
"native_address" : "unregistered"
}
,
{
"native_address" : "unregistered"
}
,
{
"native_address" : "unregistered"
}
,
{
"native_address" : "unregistered"
}
,
{
"native_address" : "unregistered"
}
,
{
"native_address" : "unregistered"
}

]
},
{
"is_managed" : false,
"offset_free_hash" : "0x0",
"offset_rich_hash" : "0x0",
"crashed" : false,
"native_thread_id" : "0x70000bd7f000",
"thread_info_addr" : "0x7fae0a22e600",
"thread_name" : "tid_3603",
"ctx" : {
"IP" : "0x7fffafeeabf2",
"SP" : "0x70000bd7eb58",
"BP" : "0x70000bd7ebf0"
},
"unmanaged_frames" : [
{
"native_address" : "unregistered"
}
,
{
"native_address" : "unregistered"
}
,
{
"native_address" : "unregistered"
}
,
{
"native_address" : "unregistered"
}
,
{
"native_address" : "unregistered"
}
,
{
"native_address" : "unregistered"
}
,
{
"native_address" : "unregistered"
}
,
{
"native_address" : "unregistered"
}
,
{
"native_address" : "unregistered"
}
,
{
"native_address" : "unregistered"
}
,
{
"native_address" : "unregistered"
}
,
{
"native_address" : "unregistered"
}
,
{
"native_address" : "unregistered"
}
,
{
"native_address" : "unregistered"
}
,
{
"native_address" : "unregistered"
}
,
{
"native_address" : "unregistered"
}
,
{
"native_address" : "unregistered"
}

]
},
{
"is_managed" : true,
"offset_free_hash" : "0x15b1c48ca",
"offset_rich_hash" : "0x15b1c48c8",
"crashed" : true,
"native_thread_id" : "0x70000bb7c000",
"thread_info_addr" : "0x7fae0a2c3400",
"thread_name" : "Thread Pool I/O Selector",
"ctx" : {
"IP" : "0x7fffafeead42",
"SP" : "0x70000bb7a428",
"BP" : "0x70000bb7a450"
},
"managed_frames" : [
{
"native_address" : "unregistered"
}
,
{
"is_managed" : "true",
"guid" : "BA70B917-36BD-40CB-990A-357097DBA9C3",
"token" : "0x00000",
"native_offset" : "0x0",
"filename" : "mscorlib.dll",
"sizeofimage" : "0x470000",
"timestamp" : "0x8c371253",
"il_offset" : "0xffffffff"
}
,
{
"is_managed" : "true",
"guid" : "BA70B917-36BD-40CB-990A-357097DBA9C3",
"token" : "0x00000",
"native_offset" : "0x0",
"filename" : "mscorlib.dll",
"sizeofimage" : "0x470000",
"timestamp" : "0x8c371253",
"il_offset" : "0xffffffff"
}

],
"unmanaged_frames" : [
{
"native_address" : "unregistered"
}
,
{
"native_address" : "unregistered"
}
,
{
"native_address" : "unregistered"
}
,
{
"native_address" : "unregistered"
}
,
{
"native_address" : "unregistered"
}
,
{
"native_address" : "unregistered"
}
,
{
"native_address" : "unregistered"
}
,
{
"native_address" : "unregistered"
}
,
{
"native_address" : "unregistered"
}
,
{
"native_address" : "unregistered"
}
,
{
"native_address" : "unregistered"
}
,
{
"native_address" : "unregistered"
}
,
{
"native_address" : "unregistered"
}
,
{
"native_address" : "unregistered"
}
,
{
"native_address" : "unregistered"
}
,
{
"native_address" : "unregistered"
}
,
{
"native_address" : "unregistered"
}
,
{
"native_address" : "unregistered"
}
,
{
"native_address" : "unregistered"
}
,
{
"native_address" : "unregistered"
}
,
{
"native_address" : "unregistered"
}
,
{
"native_address" : "unregistered"
}
,
{
"native_address" : "unregistered"
}
,
{
"native_address" : "unregistered"
}
,
{
"native_address" : "unregistered"
}
,
{
"native_address" : "unregistered"
}
,
{
"native_address" : "unregistered"
}
,
{
"native_address" : "unregistered"
}
,
{
"native_address" : "unregistered"
}
,
{
"native_address" : "unregistered"
}
,
{
"native_address" : "unregistered"
}
,
{
"native_address" : "unregistered"
}
,
{
"native_address" : "unregistered"
}
,
{
"native_address" : "unregistered"
}
,
{
"native_address" : "unregistered"
}
,
{
"native_address" : "unregistered"
}
,
{
"native_address" : "unregistered"
}
,
{
"native_address" : "unregistered"
}
,
{
"native_address" : "unregistered"
}
,
{
"native_address" : "unregistered"
}
,
{
"native_address" : "unregistered"
}
,
{
"native_address" : "unregistered"
}

]
}
]
}